{"cliffThreshold":0.9290000200271606,"filters":[{"continentSettings":{"elevation":4.119999885559082,"frequency":2.130000114440918,"lacunarity":2.049999952316284,"octaves":8,"offsetX":0.7390000224113464,"offsetY":0.953000009059906,"persistence":0.382999986410141,"verticalShift":-1.0399999618530273},"mountainBlend":-0.1899999976158142,"mountainSettings":{"elevation":0.0,"frequency":2.319999933242798,"gain":5.480000019073486,"lacunarity":4.03000020980835,"octaves":10,"offsetX":4.52400016784668,"offsetY":3.7360000610351563,"peakSmoothing":0.13099999725818634,"persistence":0.36399999260902405,"power":5.159999847412109,"verticalShift":-0.7599999904632568},"name":"Terrain Noise","oceanDepthMultiplier":2.259999990463257,"oceanFloorDepth":1.2999999523162842,"oceanFloorSmoothing":2.187999963760376,"warpSettings":{"elevation":0.3799999952316284,"frequency":0.05999999865889549,"lacunarity":2.109999895095825,"octaves":8,"offsetX":0.1809999942779541,"offsetY":0.968999981880188,"persistence":0.5709999799728394,"verticalShift":-0.23999999463558197}}],"flatThreshold":0.7549999952316284,"lightAmbient":{"x":0.26898571848869324,"y":0.2696078419685364,"z":0.24846212565898895},"lightDiffuse":{"x":0.9313725233078003,"y":0.9132446050643921,"z":0.8081026077270508},"lightDir":{"x":-0.3659999966621399,"y":-0.625,"z":-0.7139999866485596},"lightSpecular":{"x":0.4942089319229126,"y":0.6421568393707275,"z":0.6333239674568176},"maxDirtHeightTransition":0.36000001430511475,"steepnessStrengthTransition":0.09000000357627869,"waterSettings":{"alphaMultiplier":0.3409999907016754,"deepColour":{"w":1.0,"x":0.10000000149011612,"y":0.2199999988079071,"z":0.6000000238418579},"depthMultiplier":0.3709999918937683,"normalMapScale":20.0,"normalMapStrength":1.0,"oceanBoundsMax":{"x":100.0,"y":0.0,"z":100.0},"oceanBoundsMin":{"x":0.0,"y":-10.0,"z":0.0},"shallowColour":{"w":1.0,"x":0.3799999952316284,"y":1.0,"z":0.8700000047683716},"smoothness":0.9750000238418579}}
