{"filters":[{"continentSettings":{"elevation":5.619999885559082,"frequency":0.75,"lacunarity":2.1600000858306885,"octaves":10,"offsetX":1.027999997138977,"offsetY":-0.057999998331069946,"persistence":0.3880000114440918,"verticalShift":2.25},"mountainBlend":-0.1899999976158142,"mountainSettings":{"elevation":5.630000114440918,"frequency":0.6100000143051147,"gain":5.019999980926514,"lacunarity":2.450000047683716,"octaves":6,"offsetX":4.85099983215332,"offsetY":1.8459999561309814,"peakSmoothing":0.1599999964237213,"persistence":0.4350000023841858,"power":5.909999847412109,"verticalShift":0.0},"name":"Terrain Noise","oceanDepthMultiplier":3.930000066757202,"oceanFloorDepth":1.1799999475479126,"oceanFloorSmoothing":2.7190001010894775,"warpSettings":{"elevation":0.41999998688697815,"frequency":0.1899999976158142,"lacunarity":2.0,"octaves":4,"offsetX":0.3009999990463257,"offsetY":0.0,"persistence":0.5,"verticalShift":4.460000038146973}}],"lightAmbient":{"x":0.26898571848869324,"y":0.2696078419685364,"z":0.24846212565898895},"lightDiffuse":{"x":0.9313725233078003,"y":0.9132446050643921,"z":0.8081026077270508},"lightDir":{"x":-0.42899999022483826,"y":-0.8289999961853027,"z":-0.24300000071525574},"lightSpecular":{"x":0.4942089319229126,"y":0.6421568393707275,"z":0.6333239674568176},"terrainSettings":{"cliffThreshold":0.8920000195503235,"flatThreshold":0.6940000057220459,"steepnessSmoothing":0.125},"waterSettings":{"alphaMultiplier":0.12099999934434891,"deepColour":{"w":1.0,"x":0.10000000149011612,"y":0.2199999988079071,"z":0.6000000238418579},"depthMultiplier":0.15700000524520874,"normalMapScale":20.0,"normalMapStrength":1.0,"oceanBoundsMax":{"x":50.0,"y":0.0,"z":50.0},"oceanBoundsMin":{"x":-50.0,"y":-10.0,"z":-50.0},"shallowColour":{"w":1.0,"x":0.3799999952316284,"y":1.0,"z":0.8700000047683716},"smoothness":0.9559999704360962}}
