{"filters":[{"continentSettings":{"elevation":0.0,"frequency":1.0,"lacunarity":2.0,"octaves":4,"offsetX":0.0,"offsetY":0.0,"persistence":0.5,"verticalShift":-14.920000076293945},"mountainBlend":0.0,"mountainSettings":{"elevation":0.0,"frequency":0.5,"gain":7.0,"lacunarity":2.200000047683716,"octaves":8,"offsetX":0.0,"offsetY":0.0,"peakSmoothing":0.0,"persistence":0.6000000238418579,"power":5.0,"verticalShift":0.0},"name":"Terrain Noise","oceanDepthMultiplier":0.0,"oceanFloorDepth":3.0,"oceanFloorSmoothing":0.5,"warpSettings":{"elevation":0.0,"frequency":0.10000000149011612,"lacunarity":2.0,"octaves":4,"offsetX":0.0,"offsetY":0.0,"persistence":0.5,"verticalShift":0.0}}],"lightAmbient":{"x":0.26898571848869324,"y":0.2696078419685364,"z":0.24846212565898895},"lightDiffuse":{"x":0.9313725233078003,"y":0.9132446050643921,"z":0.8081026077270508},"lightDir":{"x":0.45899999141693115,"y":-0.296999990940094,"z":-0.296999990940094},"lightSpecular":{"x":0.4942089319229126,"y":0.6421568393707275,"z":0.6333239674568176},"terrainSettings":{"cliffThreshold":0.8920000195503235,"flatThreshold":0.6940000057220459,"steepnessSmoothing":0.125},"waterSettings":{"alphaMultiplier":0.19200000166893005,"deepColour":{"w":1.0,"x":0.10000000149011612,"y":0.2199999988079071,"z":0.6000000238418579},"depthMultiplier":0.15700000524520874,"normalMapScale":20.100000381469727,"normalMapStrength":1.0,"oceanBoundsMax":{"x":150.0,"y":0.0,"z":150.0},"oceanBoundsMin":{"x":-50.0,"y":-10.0,"z":-50.0},"shallowColour":{"w":1.0,"x":0.3799999952316284,"y":1.0,"z":0.8700000047683716},"smoothness":0.8709999918937683}}
