{"dirtThreshold":0.2619999945163727,"dirtTransition":0.03999999910593033,"filters":[{"elevation":8.0,"frequency":1.2999999523162842,"lacunarity":2.119999885559082,"name":"Simple Noise","octaves":8,"offsetX":0.0,"offsetY":0.0,"persistence":0.3529999852180481,"verticalShift":0.0}],"lightAmbient":{"b":0.20000000298023224,"g":0.20000000298023224,"r":0.20000000298023224},"lightDiffuse":{"b":1.0,"g":1.0,"r":1.0},"lightDir":{"x":0.699999988079071,"y":-0.699999988079071,"z":0.699999988079071},"maxDirtHeight":4.849999904632568,"maxDirtHeightTransition":0.36000001430511475}
